Directory,Product
health_and_beauty/hair_products/,shampoo
health_and_beauty/hair_products/,conditioner
health_and_beauty/hair_products/,hair_loss
health_and_beauty/hair_products/,hair_scalp_treatment
health_and_beauty/hair_products/,treatment_oil
health_and_beauty/skin_care/body,body_cleanser
health_and_beauty/skin_care/body,body_moisturizer
health_and_beauty/skin_care/body,treatments
health_and_beauty/skin_care/eyes,eyes_creams
health_and_beauty/skin_care/eyes,eyes_gel
health_and_beauty/skin_care/eyes,eyes_serums
health_and_beauty/skin_care/face,face_cleanser
health_and_beauty/skin_care/face,face_moisturizer
health_and_beauty/skin_care/face,face_scrubs
health_and_beauty/skin_care/face,face_toners
health_and_beauty/skin_care/face,treatments
health_and_beauty/skin_care/,lipcare
supplements/sports,fat_burner
supplements/sports,pre_workout
supplements/sports,protein
supplements/vitamins_dietary,multivitamins
supplements/vitamins_dietary,supplements
wellness/,ayurveda
wellness/,essential_oil_sets
food/,coffee
food/dried_fruits,mangoes
food/dried_fruits,mixed_dried_fruits
food/nuts,cashews
food/nuts,peanuts
food/tea,black_tea
food/tea,chai
food/tea,green_tea
food/tea,herbal_tea
