Products,Links
Shampoo,shampoo
Conditioner,conditioner
Hair Loss,hair_loss
Hair Scalp Treatment,hair_scalp_treatment
Treatment Oil,treatment_oil
Body Cleanser,body_cleanser
Body Moisturizer,body_moisturizer
Eyes - Creams,eyes_creams
Eyes - Gels,eyes_gel
Eyes - Serums,eyes_serums
Face Cleanser,face_cleanser
Face Moisturizer,face_moisturizer
Face Scrubs,face_scrubs
Face Toners,face_toners
Lipcare,lipcare
Fat Burner,fat_burner
Pre Workout,pre_workout
Proteins,protein
Multi Vitamins,multivitamins
Health Supplements,supplements
Ayurvedic,ayurveda
Coffee,coffee
Dried Fruits - Mangoes,mangoes
Mixed Dried Fruits,mixed_dried_fruits
Cashews,cashews
Peanuts,peanuts
Black Tea,black_tea
Chai,chai
Green Tea,green_tea
Herbal Tea,herbal_tea
